{"count":902,"keys":{"Lnl.tudelft.sem10.gradingservice.domain.Utility":"bp","MLjavax.servlet.Filterinit(javax.servlet.FilterConfig)V":"gE","MLorg.springframework.security.crypto.bcrypt.BCryptPasswordEncoderBCryptPasswordEncoder(":"mX","Lorg.springframework.security.config.annotation.web.configurers.CsrfConfigurer":"mZ","MLjava.io.PrintStreamprintln(java.lang.String)V":"lx","Ljava.lang.Object":"bt","Lorg.springframework.beans.factory.BeanFactory":"eH","MLorg.springframework.data.repository.CrudRepositorysaveAll(java.lang.Iterable<S>)V":"dK","Fnl.tudelft.sem10.gradingservice.domain.UserGradeServicepassingGrade":"kk","MLorg.springframework.security.core.context.SecurityContextsetAuthentication(org.springframework.security.core.Authentication)V":"l;","MLorg.springframework.web.filter.GenericFilterBeangetServletContext(":"gu","MLnl.tudelft.sem10.gradingservice.GradingServiceApplicationmain(java.lang.String[])V":"fc","Pnl.tudelft.sem10.gradingservice.application":"P","Fnl.tudelft.sem10.authenticationservice.domain.JwtTokenUtilsecret":"g1","Lorg.springframework.beans.BeanWrapper":"gq","MLjava.lang.Stringsubstring(int)V":"k3","Fnl.tudelft.sem10.courseservice.framework.CategoryControllercategoryService":"c;","MLorg.springframework.security.core.userdetails.UserDetailsisAccountNonExpired(":"j4","Lorg.springframework.web.client.RestClientException":"kT","Lorg.springframework.web.filter.OncePerRequestFilter":"fF","Fnl.tudelft.sem10.authenticationservice.domain.SecurityConfigjwtAuthenticationEntryPoint":"hK","Ljava.lang.RuntimeException":"lP","MLjava.lang.Objectwait(long)Vint)V":"bV","Lnl.tudelft.sem10.courseservice.CourseServiceApplication":"G","MLio.jsonwebtoken.JwtParserparseClaimsJws(java.lang.String)V":"mh","MLnl.tudelft.sem10.courseservice.application.AuthServiceImplgetUser(java.lang.String)V":"cm","Lio.jsonwebtoken.JwtBuilder":"ml","MLjava.lang.EnumEnum(java.lang.String)Vint)V":"b8","Pex-Porg.apache.commons.logging":"gw","MLorg.springframework.data.jpa.repository.JpaRepositoryfindAllById(java.lang.Iterable<ID>)V":"dr","Fnl.tudelft.sem10.userservice.application.DataSourceConfigenvironment":"eM","MLjava.lang.FloatparseFloat(java.lang.String)V":"lt","Forg.springframework.security.config.annotation.web.configuration.WebSecurityConfigurerAdapterauthenticationBuilder":"ij","Lorg.springframework.security.authentication.AuthenticationManager":"hB","MLjava.util.Iteratornext(":"nB","Lorg.springframework.security.config.http.SessionCreationPolicy":"m8","MLorg.springframework.security.core.userdetails.UserDetailsgetUsername(":"j3","Pex-Porg.springframework.boot.web.client":"eK","MLorg.springframework.web.filter.GenericFilterBeaninitBeanWrapper(org.springframework.beans.BeanWrapper)V":"go","Fnl.tudelft.sem10.authenticationservice.application.Userpassword":"jB","Lorg.apache.commons.logging.Log":"gx","MLorg.springframework.security.config.annotation.web.builders.HttpSecurityauthorizeRequests(":"nl","MLnl.tudelft.sem10.userservice.domain.repositories.UserRepositorydeleteUser(java.lang.String)V":"kt","MLnl.tudelft.sem10.gradingservice.application.TeacherGradeControllerpassingRate(java.lang.String)Vjava.lang.String)V":"i7","Lorg.springframework.http.HttpStatus":"kP","MLnl.tudelft.sem10.courseservice.domain.model.CoursetoString(":"ed","MLnl.tudelft.sem10.courseservice.domain.repository.CategoryRepositorygetWeights(java.lang.String)V":"dh","Ljava.lang.Float":"iH","MLnl.tudelft.sem10.courseservice.domain.model.CategoryCategory(java.lang.String)Vjava.lang.String)Vdouble)V":"cN","Fnl.tudelft.sem10.gradingservice.application.TeacherGradeControlleruserService":"jc","Lnl.tudelft.sem10.gradingservice.domain.utilities.Stats":".","MLjava.util.Collectioniterator(":"nz","MLnl.tudelft.sem10.authenticationservice.domain.SecurityConfigsetStateless(org.springframework.security.config.annotation.web.builders.HttpSecurity)V":"hG","MLnl.tudelft.sem10.authenticationservice.AuthenticationServiceApplicationmain(java.lang.String[])V":"cL","MLnl.tudelft.sem10.gradingservice.domain.GradeGrade(long)Vfloat)Vjava.lang.String)Vjava.lang.String)Vjava.lang.String)V":"eO","MLio.jsonwebtoken.JwtBuildersetIssuedAt(java.util.Date)V":"mq","Fnl.tudelft.sem10.authenticationservice.application.Userrole":"jC","MLnl.tudelft.sem10.userservice.domain.repositories.UserRepositoryinsertUser(java.lang.String)Vjava.lang.String)Vint)V":"kr","Pex-Pjava.math":"n6","Fnl.tudelft.sem10.gradingservice.application.StudentGradeControllerserverCommunication":"iZ","MLnl.tudelft.sem10.gradingservice.domain.StudentLogicsetServerCommunication(nl.tudelft.sem10.gradingservice.domain.ServerCommunication)V":"i1","Pex-Porg.springframework.security.authentication":"hA","MLnl.tudelft.sem10.gradingservice.domain.StudentLogicgetGrade(java.util.List<nl.tudelft.sem10.gradingservice.domain.Grade>)Vjava.lang.String)Vjava.lang.String)V":"i2","MLnl.tudelft.sem10.authenticationservice.domain.SecurityConfigsetPermissions(org.springframework.security.config.annotation.web.builders.HttpSecurity)V":"hH","Ljava.net.http.HttpRequest":"ha","MLnl.tudelft.sem10.gradingservice.application.TeacherGradeControllerinsertGrade(java.lang.String)Vjava.lang.String)V":"i.","MLorg.springframework.web.filter.OncePerRequestFiltershouldNotFilterAsyncDispatch(":"f1","Lnl.tudelft.sem10.authenticationservice.domain.Utility":"bo","Lorg.springframework.security.config.annotation.web.configurers.ExpressionUrlAuthorizationConfigurer.AuthorizedUrl":"ne","Fnl.tudelft.sem10.userservice.framework.UserControllernetIdStr":"jN","MLjava.lang.Enumequals(java.lang.Object)V":"b;","Lorg.springframework.security.config.annotation.authentication.configurers.userdetails.AbstractDaoAuthenticationConfigurer":"mR","MLnl.tudelft.sem10.userservice.framework.UserControllerchangeDetails(java.lang.String)V":"jJ","MLjava.lang.IntegerparseInt(java.lang.String)V":"nG","MLnl.tudelft.sem10.courseservice.application.AuthService.UserTypeof(java.lang.String)V":"bZ","MLjava.util.Objectsequals(java.lang.Object)Vjava.lang.Object)V":"k;","Lnl.tudelft.sem10.authenticationservice.AuthenticationServiceApplication":"r","Lorg.springframework.web.filter.GenericFilterBean":"fS","MLorg.springframework.security.config.annotation.web.builders.HttpSecurityexceptionHandling(":"na","MLnl.tudelft.sem10.gradingservice.application.StudentGradeControllergetMean(java.lang.String)Vjava.lang.String)V":"iQ","Lorg.springframework.security.config.annotation.ObjectPostProcessor":"h9","MLnl.tudelft.sem10.courseservice.application.AbstractRepositoryServiceremove(U)V":"bE","MLnl.tudelft.sem10.courseservice.domain.model.CoursehashCode(":"eb","MLnl.tudelft.sem10.courseservice.framework.CourseControllerremoveCourse(java.lang.String)Vjava.lang.String)V":"ej","MLjava.lang.Objectfinalize(":"bW","Fnl.tudelft.sem10.authenticationservice.application.Userteacher":"jz","MLnl.tudelft.sem10.authenticationservice.application.RolehashCode(":"hn","Pex-Porg.springframework.boot":"k5","MLorg.springframework.http.ResponseEntityResponseEntity(org.springframework.http.HttpStatus)V":"kY","Ljava.lang.CharSequence":"k1","MLjava.net.http.HttpRequest.BuilderGET(":"mC","MLio.jsonwebtoken.JwtParsersetSigningKey(java.lang.String)V":"mi","MLnl.tudelft.sem10.courseservice.application.DataSourceConfiggetAuthService(":"eB","MLnl.tudelft.sem10.userservice.domain.Utilityhash(java.lang.String)V":"ky","Fnl.tudelft.sem10.authenticationservice.domain.JwtRequesttype":"fz","Ljava.lang.Comparable":"b3","MLjava.net.http.HttpResponsebody(":"mK","Pex-Porg.springframework.security.config.annotation.authentication.configurers.userdetails":"mP","MLnl.tudelft.sem10.courseservice.domain.model.CourseCourse(":"d7","Forg.springframework.security.config.annotation.web.configuration.WebSecurityConfigurerAdapterdisableDefaults":"iq","MLorg.springframework.data.jpa.repository.JpaRepositoryfindAll(org.springframework.data.domain.Example<S>)Vorg.springframework.data.domain.Sort)V":"dC","MLnl.tudelft.sem10.gradingservice.application.StudentGradeControllerStudentGradeController(":"iM","MLorg.springframework.web.filter.GenericFilterBeansetBeanName(java.lang.String)V":"gd","MLnl.tudelft.sem10.authenticationservice.domain.UserDetailsImplgetUsername(":"jS","MLnl.tudelft.sem10.courseservice.framework.CourseControlleraddCourse(java.lang.String)Vnl.tudelft.sem10.courseservice.domain.model.Course)V":"ei","MLnl.tudelft.sem10.authenticationservice.domain.JwtAuthenticationEntryPointcommence(javax.servlet.http.HttpServletRequest)Vjavax.servlet.http.HttpServletResponse)Vorg.springframework.security.core.AuthenticationException)V":"fj","MLio.jsonwebtoken.Jwtsparser(":"mk","Lnl.tudelft.sem10.courseservice.application.AbstractRepositoryService":"k","MLorg.springframework.web.filter.OncePerRequestFiltershouldNotFilter(javax.servlet.http.HttpServletRequest)V":"f0","MLjava.util.function.Functionapply(T)V":"kG","MLnl.tudelft.sem10.courseservice.domain.model.CategorysetCourse(java.lang.String)V":"cP","MLnl.tudelft.sem10.gradingservice.domain.RequestHelpergetRequest(java.lang.String)Vjava.lang.String)Vjava.lang.String)V":"g;","MLnl.tudelft.sem10.courseservice.framework.CategoryControllerauthResponse(java.lang.String)V":"c7","Fnl.tudelft.sem10.gradingservice.application.GradeControllergradeRepository":"e2","Ljava.net.http.HttpClient":"hc","Ljavax.servlet.ServletRequest":"fU","Fnl.tudelft.sem10.courseservice.application.AuthService.UserTypeTEACHER":"b0","MLnl.tudelft.sem10.gradingservice.domain.utilities.JsonParserstringToJson(java.lang.String)V":"fg","Fnl.tudelft.sem10.authenticationservice.domain.JwtAuthenticationEntryPointserialVersionUID":"fp","Lorg.springframework.context.EnvironmentAware":"f9","MLorg.springframework.core.env.EnvironmentgetProperty(java.lang.String)V":"lD","MLjava.lang.StringgetBytes(":"n5","MLjava.util.ArrayListArrayList(int)V":"nU","MLjava.lang.EnumreadObjectNoData(":"ci","MLorg.json.JSONObjectgetDouble(java.lang.String)V":"n.","MLorg.springframework.web.server.ResponseStatusExceptionResponseStatusException(org.springframework.http.HttpStatus)Vjava.lang.String)V":"nS","MLnl.tudelft.sem10.gradingservice.domain.utilities.Statssum(java.util.Collection<java.lang.Double>)V":"iK","MLjava.lang.Enumordinal(":"b7","MLnl.tudelft.sem10.courseservice.domain.repository.CategoryIdtoString(":"dd","MLnl.tudelft.sem10.authenticationservice.domain.JwtTokenFilterisValidToken(java.lang.String)V":"fJ","Lorg.springframework.security.core.GrantedAuthority":"jQ","Fnl.tudelft.sem10.courseservice.domain.model.Categoryname":"cY","MLnl.tudelft.sem10.gradingservice.domain.UserGradeServicepassedCourses(java.lang.String)Vjava.lang.String)V":"kb","MLnl.tudelft.sem10.courseservice.domain.model.CategoryCategory(":"cM","Pex-__defaultpackage$1":"bA","MLorg.springframework.http.ResponseEntitygetStatusCode(":"kO","Lorg.springframework.security.authentication.AuthenticationTrustResolver":"h3","MLnl.tudelft.sem10.userservice.application.UsersetPassword(java.lang.String)V":"jj","Lnl.tudelft.sem10.courseservice.domain.model.Category":"t","MLorg.springframework.web.filter.GenericFilterBeangetEnvironment(":"gf","MLnl.tudelft.sem10.courseservice.domain.model.CoursegetCode(":"d9","MLorg.springframework.security.web.authentication.WebAuthenticationDetailsSourcebuildDetails(javax.servlet.http.HttpServletRequest)V":"l7","byte":"f","Pnl.tudelft.sem10.courseservice.domain.model":"s","Pex-Porg.springframework.security.core":"fn","MLorg.springframework.security.config.annotation.web.configuration.WebSecurityConfigurerAdapterWebSecurityConfigurerAdapter(boolean)V":"hN","MLjava.security.MessageDigestdigest(byte[])V":"n4","Ljavax.servlet.FilterChain":"fI","MLorg.springframework.data.jpa.repository.JpaRepositoryfindAll(org.springframework.data.domain.Sort)V":"do","MLjava.util.Liststream(":"lq","Ljava.io.PrintStream":"lw","Lnl.tudelft.sem10.authenticationservice.domain.JwtTokenFilter":"1","MLjava.util.stream.Streamcollect(java.util.stream.Collector<? super T,A,R>)V":"lo","Ljava.lang.System":"lu","Lnl.tudelft.sem10.authenticationservice.framework.RestService":"5","Ljava.lang.Math":"nv","Lorg.slf4j.Logger":"cp","Pex-Porg.springframework.security.config.annotation.web.configurers":"mY","MLnl.tudelft.sem10.authenticationservice.framework.RestServicegetUserFromUserService(java.lang.String)V":"he","Forg.springframework.security.config.annotation.web.configuration.WebSecurityConfigurerAdapterlogger":"ie","Lorg.springframework.security.config.annotation.web.AbstractRequestMatcherRegistry":"ng","MLnl.tudelft.sem10.courseservice.framework.CategoryControlleraddCategory(java.lang.String)Vnl.tudelft.sem10.courseservice.domain.model.Category)V":"c2","Lnl.tudelft.sem10.gradingservice.framework.repositories.GradeRepository":"S","MLorg.springframework.security.web.authentication.WebAuthenticationDetailsSourceWebAuthenticationDetailsSource(":"l9","Lorg.springframework.data.repository.CrudRepository":"dD","Pex-Porg.springframework.web.context":"f.","Lnl.tudelft.sem10.gradingservice.domain.RequestHelper":"4","Fnl.tudelft.sem10.authenticationservice.framework.AuthenticationControllerrest":"cK","Pex-Pjava.util":"c5","Ljava.lang.Class":"bL","MLnl.tudelft.sem10.courseservice.domain.repository.CategoryIdhashCode(":"db","Pnl.tudelft.sem10.authenticationservice":"q","Lnl.tudelft.sem10.courseservice.application.CategoryService":"z","MLjava.lang.Mathmin(float)Vfloat)V":"nD","MLnl.tudelft.sem10.courseservice.domain.model.CategorytoString(":"cW","MLnl.tudelft.sem10.courseservice.framework.CategoryControllergetCategory(java.lang.String)Vjava.lang.String)V":"c1","Pex-Pjavax.servlet.http":"fk","Lorg.springframework.security.config.annotation.SecurityConfigurer":"ir","Pex-Pjava.util.stream":"lm","MLnl.tudelft.sem10.authenticationservice.domain.SecurityConfigpasswordEncoder(":"hy","MLnl.tudelft.sem10.courseservice.application.AbstractRepositoryServicegetRepository(":"bF","Pex-Porg.springframework.data.domain":"dp","MLjava.lang.EnumtoString(":"b9","MLjava.lang.EnumhashCode(":"b.","Ljava.lang.Iterable":"by","MLnl.tudelft.sem10.courseservice.domain.model.CoursegetName(":"d.","Pex-Pjava.util.function":"bv","MLnl.tudelft.sem10.courseservice.domain.model.CategoryhashCode(":"cU","Lorg.springframework.data.repository.Repository":"dI","Lorg.springframework.data.jpa.repository.JpaRepository":"bH","LTempArgsE":"cc","Lorg.springframework.security.config.annotation.web.configurers.ExceptionHandlingConfigurer":"m;","void":"a","MLorg.springframework.beans.factory.DisposableBeandestroy(":"gN","LTempArgsH":"nd","Lnl.tudelft.sem10.authenticationservice.application.User":"be","MLorg.springframework.data.repository.CrudRepositoryfindAll(":"dO","Lorg.springframework.security.core.userdetails.UserDetails":"fM","MLjava.lang.Objectwait(":"bT","LTempArgsB":"it","LTempArgsC":"mT","LTempArgsU":"bC","Pex-Porg.springframework.data.repository.query":"dl","MLnl.tudelft.sem10.authenticationservice.application.UserUser(java.lang.String)Vjava.lang.String)Vint)V":"jr","Lorg.springframework.core.env.PropertyResolver":"lC","MLorg.springframework.boot.web.client.RestTemplateBuilderRestTemplateBuilder(org.springframework.boot.web.client.RestTemplateCustomizer...)V":"mN","MLorg.json.JSONObjecttoString(":"lO","MLjava.lang.EnumvalueOf(java.lang.Class<T>)Vjava.lang.String)V":"ce","Fnl.tudelft.sem10.courseservice.application.DataSourceConfigenvironment":"eE","LTempArgsR":"kH","Lnl.tudelft.sem10.courseservice.application.AuthServiceImpl":"n","LTempArgsS":"dv","LTempArgsT":"bB","MLjava.util.stream.Streammap(java.util.function.Function<? super T,? extends R>)V":"no","MLorg.springframework.security.config.annotation.web.configuration.WebSecurityConfigurerAdapteruserDetailsServiceBean(":"hT","MLnl.tudelft.sem10.authenticationservice.domain.UserDetailsImplUserDetailsImpl(nl.tudelft.sem10.authenticationservice.application.User)V":"jO","MLorg.springframework.data.repository.CrudRepositoryexistsById(ID)V":"dN","Lnl.tudelft.sem10.authenticationservice.framework.AuthenticationController":"p","MLnl.tudelft.sem10.courseservice.application.CourseServiceImplCourseServiceImpl(":"eq","Lnl.tudelft.sem10.courseservice.application.CourseServiceImpl":"H","Ljavax.servlet.ServletResponse":"fV","MLorg.springframework.data.repository.CrudRepositoryfindById(ID)V":"dL","MLorg.springframework.data.repository.CrudRepositorysave(S)V":"dJ","MLnl.tudelft.sem10.gradingservice.framework.repositories.GradeRepositorygetGradesByCourse(java.lang.String)V":"e9","MLorg.springframework.security.config.annotation.authentication.configurers.userdetails.DaoAuthenticationConfigurerpasswordEncoder(org.springframework.security.crypto.password.PasswordEncoder)V":"mS","MLorg.slf4j.Loggerwarn(java.lang.String)V":"kQ","Pex-Porg.springframework.data.jpa.repository":"bG","MLorg.springframework.security.core.userdetails.UserDetailsisEnabled(":"j7","MLjava.lang.SystemgetProperty(java.lang.String)V":"lv","Lorg.springframework.web.server.ResponseStatusException":"nR","MLnl.tudelft.sem10.userservice.framework.UserControlleruserByType(int)V":"jK","Forg.springframework.web.filter.OncePerRequestFilterALREADY_FILTERED_SUFFIX":"f5","MLorg.springframework.security.config.annotation.web.configurers.ExpressionUrlAuthorizationConfigurer.ExpressionInterceptUrlRegistryantMatchers(java.lang.String...)V":"nj","MLorg.springframework.security.core.userdetails.UserDetailsisCredentialsNonExpired(":"j6","Fnl.tudelft.sem10.gradingservice.domain.Gradenetid":"eX","Fnl.tudelft.sem10.gradingservice.domain.ServerCommunicationclient":"iB","MLorg.springframework.web.context.ServletContextAwaresetServletContext(javax.servlet.ServletContext)V":"gL","Pex-Porg.springframework.data.repository":"dj","MLnl.tudelft.sem10.authenticationservice.domain.JwtTokenFilterfetchNetId(java.lang.String)V":"fK","MLorg.springframework.web.filter.OncePerRequestFilterdoFilterInternal(javax.servlet.http.HttpServletRequest)Vjavax.servlet.http.HttpServletResponse)Vjavax.servlet.FilterChain)V":"f3","Fnl.tudelft.sem10.userservice.framework.UserControlleruserRepository":"jL","MLnl.tudelft.sem10.gradingservice.framework.repositories.GradeRepositorygetGradesByNetId(java.lang.String)V":"e7","MLnl.tudelft.sem10.authenticationservice.domain.JwtRequestJwtRequest(java.lang.String)Vjava.lang.String)Vint)V":"fs","Pex-Pjava.net.http":"g.","Pex-Porg.springframework.security.config.http":"m7","Lnl.tudelft.sem10.authenticationservice.application.RoleType":"8","Pex-Porg.springframework.security.config.annotation.web.builders":"hD","Forg.springframework.security.config.annotation.web.configuration.WebSecurityConfigurerAdapterauthenticationConfiguration":"ii","Fnl.tudelft.sem10.courseservice.framework.CategoryControllerauth":"c9","MLorg.springframework.context.EnvironmentAwaresetEnvironment(org.springframework.core.env.Environment)V":"gJ","Lorg.springframework.security.authentication.AbstractAuthenticationToken":"l3","MLorg.springframework.data.jpa.repository.JpaRepositoryfindById(ID)V":"kE","Lorg.springframework.http.ResponseEntity.BodyBuilder":"le","Lnl.tudelft.sem10.gradingservice.application.GradeController":"Q","MLnl.tudelft.sem10.userservice.framework.UserControllerusers(":"jF","MLorg.springframework.web.filter.OncePerRequestFiltergetAlreadyFilteredAttributeName(":"fZ","Lorg.springframework.security.config.annotation.web.configurers.SessionManagementConfigurer":"m3","Fnl.tudelft.sem10.courseservice.application.AuthService.UserTypeOTHER":"b1","MLjava.lang.StringBuilderappend(java.lang.String)V":"lb","Fnl.tudelft.sem10.gradingservice.domain.UserGradeServicestudentLogic":"kl","Lnl.tudelft.sem10.gradingservice.application.TeacherGradeController":"bc","Fnl.tudelft.sem10.courseservice.framework.CourseControllerRESPONSE_TYPE":"el","Lorg.springframework.security.authentication.AuthenticationEventPublisher":"ic","Lnl.tudelft.sem10.courseservice.application.AuthService":"l","MLorg.springframework.core.env.EnvironmentCapablegetEnvironment(":"gK","MLorg.springframework.data.jpa.repository.JpaRepositorysaveAll(java.lang.Iterable<S>)V":"ds","MLorg.springframework.security.core.userdetails.UserDetailsisAccountNonLocked(":"j5","MLjava.util.OptionalorElse(T)V":"kD","Fnl.tudelft.sem10.gradingservice.application.StudentGradeControllergradeRepository":"iX","Lio.jsonwebtoken.ExpiredJwtException":"l0","MLjava.util.Optionalget(":"n0","Lnl.tudelft.sem10.authenticationservice.domain.SecurityConfig":"9","Forg.springframework.web.filter.GenericFilterBeanenvironment":"gz","MLnl.tudelft.sem10.gradingservice.application.GradeControllergetAllGrades(java.lang.String)Vjava.lang.String)Vjava.lang.String)Vjava.lang.String)V":"e0","Lorg.springframework.security.web.authentication.WebAuthenticationDetails":"l8","MLnl.tudelft.sem10.gradingservice.framework.repositories.GradeRepositorygetGradesByCourseAndType(java.lang.String)Vjava.lang.String)V":"e;","MLorg.springframework.data.jpa.repository.JpaRepositorydeleteInBatch(java.lang.Iterable<T>)V":"dw","Pex-Pjavassist":"nV","Fnl.tudelft.sem10.courseservice.application.DataSourceConfigbeans":"eF","Lorg.springframework.security.authentication.UsernamePasswordAuthenticationToken":"l1","MLnl.tudelft.sem10.courseservice.domain.model.CoursesetName(java.lang.String)V":"ea","MLnl.tudelft.sem10.gradingservice.application.StudentGradeControllerpassingRate(java.lang.String)Vjava.lang.String)V":"iU","Ljava.util.function.Predicate":"nq","MLnl.tudelft.sem10.gradingservice.framework.repositories.GradeRepositorygetStudentsTakingCourse(java.lang.String)V":"fb","MLnl.tudelft.sem10.authenticationservice.domain.JwtTokenFilterdoFilterInternal(javax.servlet.http.HttpServletRequest)Vjavax.servlet.http.HttpServletResponse)Vjavax.servlet.FilterChain)V":"fG","MLjava.net.http.HttpResponse.BodyHandlersofString(":"mJ","MLnl.tudelft.sem10.gradingservice.domain.utilities.Statsvariance(java.util.Collection<java.lang.Float>)V":"iI","Ljava.net.http.HttpResponse.BodyHandlers":"mI","MLjava.security.NoSuchAlgorithmExceptionprintStackTrace(":"oc","Fnl.tudelft.sem10.gradingservice.domain.UserGradeServicegradeRepository":"km","Lorg.springframework.core.env.Environment":"ey","Ljavax.servlet.http.HttpServletResponse":"fm","Ljavassist.NotFoundException":"nW","MLorg.springframework.security.config.annotation.web.builders.HttpSecuritycsrf(":"m2","MLjava.lang.Objectwait(long)V":"bU","Fjava.lang.Enumordinal":"ck","Lorg.springframework.context.ConfigurableApplicationContext":"k8","MLjava.util.Collectionstream(":"nr","MLorg.springframework.beans.factory.BeanNameAwaresetBeanName(java.lang.String)V":"gI","Pex-Porg.springframework.security.config.annotation":"h8","MLnl.tudelft.sem10.courseservice.framework.CourseControllergetAllCourses(":"eg","MLorg.springframework.http.ResponseEntity.BodyBuilderbody(T)V":"lf","Fnl.tudelft.sem10.gradingservice.application.TeacherGradeControllergradeRepository":"jb","MLjava.lang.Stringlength(":"n;","MLjava.net.URIcreate(java.lang.String)V":"mE","Fnl.tudelft.sem10.authenticationservice.application.RoleTypeTEACHER":"hr","Pex-Pjava.lang":"bs","Fnl.tudelft.sem10.courseservice.domain.model.Categoryweight":"cZ","MLnl.tudelft.sem10.courseservice.application.DataSourceConfiggetCourseService(":"eC","Fnl.tudelft.sem10.courseservice.application.AuthServiceImplurl":"ct","Fnl.tudelft.sem10.userservice.application.UsernetId":"jo","Lorg.springframework.data.repository.query.QueryByExampleExecutor":"dm","MLnl.tudelft.sem10.courseservice.framework.CourseControllergetCourse(java.lang.String)V":"eh","MLjava.util.OptionalisPresent(":"nZ","MLnl.tudelft.sem10.userservice.application.DataSourceConfigrestTemplate(org.springframework.boot.web.client.RestTemplateBuilder)V":"eJ","MLjava.util.stream.CollectorstoList(":"ns","MLjava.lang.Enumfinalize(":"cf","Lnl.tudelft.sem10.courseservice.application.RepositoryService":"3","MLnl.tudelft.sem10.authenticationservice.domain.JwtTokenFiltersetUsernamePasswordAuthenticationToken(org.springframework.security.core.userdetails.UserDetails)Vjavax.servlet.http.HttpServletRequest)V":"fL","Lorg.springframework.boot.web.client.RestTemplateBuilder":"eL","MLorg.springframework.jdbc.datasource.DriverManagerDataSourceDriverManagerDataSource(":"lA","MLnl.tudelft.sem10.courseservice.application.AbstractRepositoryServiceAbstractRepositoryService(java.util.function.Function<T,U>)V":"bu","Lorg.springframework.data.repository.PagingAndSortingRepository":"dk","Lorg.springframework.security.core.context.SecurityContext":"fP","Ljava.security.MessageDigest":"n2","Fnl.tudelft.sem10.gradingservice.application.GradeControllerserverCommunication":"e1","MLjava.lang.Enumclone(":"ca","MLorg.springframework.jdbc.datasource.DriverManagerDataSourcesetUrl(java.lang.String)V":"lF","MLorg.springframework.http.ResponseEntity.BodyBuilderheader(java.lang.String)Vjava.lang.String...)V":"lk","Forg.springframework.security.config.annotation.web.configuration.WebSecurityConfigurerAdaptercontentNegotiationStrategy":"ig","MLjava.net.http.HttpRequest.Builderbuild(":"mx","Lorg.springframework.security.config.annotation.web.WebSecurityConfigurer":"hM","MLnl.tudelft.sem10.authenticationservice.framework.RestServiceRestService(":"hd","MLnl.tudelft.sem10.userservice.domain.repositories.UserRepositorygetUsersOfType(int)V":"kq","MLnl.tudelft.sem10.gradingservice.domain.ServerCommunicationgetCourseWeights(java.lang.String)Vjava.lang.String)Vjava.lang.String)V":"ix","Pex-Porg.springframework.security.crypto.bcrypt":"mV","MLnl.tudelft.sem10.authenticationservice.framework.AuthenticationControllergetToken(nl.tudelft.sem10.authenticationservice.domain.JwtRequest)V":"cu","MLio.jsonwebtoken.Jwtsbuilder(":"mt","MLjava.lang.StringreplaceFirst(java.lang.String)Vjava.lang.String)V":"lj","Lio.jsonwebtoken.JwtParser":"mg","Ljava.util.stream.Collectors":"lr","MLjava.lang.ObjectgetClass(":"bK","Lorg.springframework.security.config.annotation.authentication.configuration.AuthenticationConfiguration":"ia","MLnl.tudelft.sem10.authenticationservice.application.UsergetRoleInteger(":"jv","Lnl.tudelft.sem10.userservice.application.User":"bd","Pex-Pjavax.servlet":"fH","MLnl.tudelft.sem10.courseservice.framework.CategoryControllerremoveCategory(java.lang.String)Vjava.lang.String)Vjava.lang.String)V":"c3","Ljava.net.URI":"mA","LTempArgsID":"dz","MLorg.springframework.security.config.annotation.web.configuration.WebSecurityConfigurerAdaptergetAuthenticationEventPublisher(":"ib","MLnl.tudelft.sem10.authenticationservice.domain.JwtRequestgetPassword(":"fu","Lorg.springframework.data.domain.Sort":"dq","MLorg.springframework.data.repository.CrudRepositoryfindAllById(java.lang.Iterable<ID>)V":"dP","Fnl.tudelft.sem10.authenticationservice.domain.SecurityConfigjwtTokenFilter":"hJ","short":"g","MLorg.springframework.data.repository.query.QueryByExampleExecutorfindOne(org.springframework.data.domain.Example<S>)V":"dV","MLjava.lang.StringBuildertoString(":"la","Pex-Porg.springframework.security.config.annotation.web.configuration":"hs","Pnl.tudelft.sem10.courseservice":"F","MLnl.tudelft.sem10.gradingservice.domain.GradeGrade(":"eN","MLnl.tudelft.sem10.gradingservice.application.StudentGradeControllersetUserService(nl.tudelft.sem10.gradingservice.domain.UserGradeService)V":"iO","Pnl.tudelft.sem10.userservice.domain":"bq","Lorg.springframework.security.core.userdetails.UserDetailsService":"cG","Fnl.tudelft.sem10.courseservice.domain.repository.CategoryIdcourse":"df","MLnl.tudelft.sem10.userservice.framework.UserControlleruserByNetId(java.lang.String)V":"jG","Ljavax.servlet.Filter":"f6","MLnl.tudelft.sem10.gradingservice.domain.GradegetMark(":"eR","Ljava.math.BigInteger":"n7","MLorg.springframework.web.filter.OncePerRequestFilterisAsyncStarted(javax.servlet.http.HttpServletRequest)V":"fY","MLorg.springframework.security.config.annotation.web.configurers.SessionManagementConfigurerand(":"m5","Fnl.tudelft.sem10.gradingservice.application.StudentGradeControllerheaderName":"iV","MLnl.tudelft.sem10.gradingservice.domain.UserGradeServiceupdateGrade(java.lang.String)Vjava.lang.String)Vjava.lang.String)Vjava.lang.String)V":"kf","MLnl.tudelft.sem10.gradingservice.domain.utilities.Statsmean(java.util.Collection<java.lang.Float>)V":"iF","MLorg.springframework.beans.factory.BeanFactorygetBean(java.lang.String)Vjava.lang.Class<T>)V":"lJ","MLorg.springframework.data.repository.CrudRepositorydeleteAll(":"dU","Pex-Porg.springframework.security.crypto.password":"cI","MLnl.tudelft.sem10.gradingservice.framework.repositories.GradeRepositorydeleteGrade(long)V":"e6","MLio.jsonwebtoken.JwtBuildersetExpiration(java.util.Date)V":"mp","MLorg.springframework.security.config.annotation.web.configuration.WebSecurityConfigurerAdapterauthenticationManagerBean(":"hR","MLjava.net.http.HttpRequest.Builderheader(java.lang.String)Vjava.lang.String)V":"mB","MLnl.tudelft.sem10.gradingservice.application.StudentGradeControllersetGradeRepository(nl.tudelft.sem10.gradingservice.framework.repositories.GradeRepository)V":"iN","Pex-Porg.springframework.security.core.userdetails":"cF","MLorg.springframework.security.config.annotation.web.configuration.WebSecurityConfigurerAdaptersetAuthenticationConfiguration(org.springframework.security.config.annotation.authentication.configuration.AuthenticationConfiguration)V":"h;","Ljava.util.Iterator":"ny","double":"b","Lnl.tudelft.sem10.courseservice.application.CourseService":"E","Fnl.tudelft.sem10.authenticationservice.application.UserserialVersionUID":"jx","MLjava.util.Listget(int)V":"nY","Forg.springframework.security.config.annotation.web.configuration.WebSecurityConfigurerAdapterlocalConfigureAuthenticationBldr":"ik","MLnl.tudelft.sem10.userservice.domain.repositories.UserRepositorygetUserByNetIdAndPassword(java.lang.String)Vjava.lang.String)V":"kp","MLorg.springframework.security.config.annotation.web.configuration.WebSecurityConfigurerAdapteruserDetailsService(":"hU","Fnl.tudelft.sem10.courseservice.framework.CategoryControllerRESPONSE_TYPE":"c8","Pex-Pio.jsonwebtoken":"gT","Ljava.util.Optional":"dM","MLnl.tudelft.sem10.authenticationservice.application.RoleRole(nl.tudelft.sem10.authenticationservice.application.RoleType)V":"hi","MLnl.tudelft.sem10.courseservice.domain.repository.CategoryIdequals(java.lang.Object)V":"dc","MLnl.tudelft.sem10.authenticationservice.domain.JwtTokenUtilgetAllClaimsFromToken(java.lang.String)V":"gV","MLjava.lang.ExceptionprintStackTrace(":"l.","MLjava.lang.RuntimeExceptionRuntimeException(java.lang.Throwable)V":"lQ","Fnl.tudelft.sem10.authenticationservice.application.UserDetailsServiceImplrest":"j9","Fnl.tudelft.sem10.courseservice.domain.model.Coursecode":"ee","Fnl.tudelft.sem10.authenticationservice.domain.JwtResponsetoken":"fD","Ljava.io.ObjectInputStream":"ch","MLnl.tudelft.sem10.gradingservice.domain.UserGradeServicedeleteGrade(java.lang.String)Vjava.lang.String)Vjava.lang.String)V":"ki","MLnl.tudelft.sem10.authenticationservice.domain.JwtTokenUtilgetClaimFromToken(java.lang.String)Vjava.util.function.Function<io.jsonwebtoken.Claims,T>)V":"gS","Fnl.tudelft.sem10.courseservice.framework.CourseControllercourseService":"en","MLnl.tudelft.sem10.gradingservice.domain.UserGradeServiceupdateGrade(java.lang.String)Vlong)V":"kg","MLjava.lang.EnumcompareTo(E)V":"cb","Fnl.tudelft.sem10.authenticationservice.domain.JwtRequestnetId":"fx","MLjava.lang.StringisEmpty(":"mL","Lnl.tudelft.sem10.userservice.framework.UserController":"bg","MLorg.springframework.beans.factory.InitializingBeanafterPropertiesSet(":"gM","Fnl.tudelft.sem10.authenticationservice.application.Userstudent":"jy","MLnl.tudelft.sem10.authenticationservice.domain.UserDetailsImplisAccountNonLocked(":"jU","MLorg.springframework.data.jpa.repository.JpaRepositorysaveAndFlush(S)V":"du","Lnl.tudelft.sem10.gradingservice.framework.DataSourceConfig":"J","MLorg.springframework.data.repository.query.QueryByExampleExecutorexists(org.springframework.data.domain.Example<S>)V":"d0","MLnl.tudelft.sem10.courseservice.domain.model.Categoryequals(java.lang.Object)V":"cV","char":"i","Lorg.springframework.beans.factory.BeanNameAware":"f7","Lorg.springframework.context.ApplicationContext":"h0","MLnl.tudelft.sem10.courseservice.framework.CategoryControllergetAllCategories(":"c0","Ljavax.servlet.ServletContext":"gi","Ljava.util.stream.Collector":"lp","Lnl.tudelft.sem10.courseservice.domain.repository.CourseRepository":"D","MLnl.tudelft.sem10.gradingservice.application.StudentGradeControllersetServerCommunication(nl.tudelft.sem10.gradingservice.domain.ServerCommunication)V":"iP","MLnl.tudelft.sem10.gradingservice.framework.repositories.GradeRepositorygetGradesByCourseAndTypeAndNetid(java.lang.String)Vjava.lang.String)Vjava.lang.String)V":"e.","MLnl.tudelft.sem10.courseservice.application.AuthServicegetUser(java.lang.String)V":"bX","Fnl.tudelft.sem10.authenticationservice.framework.RestServicerestTemplate":"hh","Lorg.springframework.boot.web.client.RestTemplateCustomizer":"mO","Fnl.tudelft.sem10.gradingservice.application.GradeControlleruserService":"e3","MLnl.tudelft.sem10.authenticationservice.domain.JwtTokenUtilgetExpirationDateFromToken(java.lang.String)V":"gP","Lio.jsonwebtoken.Jwts":"mj","MLnl.tudelft.sem10.courseservice.application.CategoryServiceImplgetRepository(":"d5","MLorg.springframework.data.jpa.repository.JpaRepositorydeleteById(ID)V":"kJ","Lnl.tudelft.sem10.courseservice.framework.CourseController":"C","MLnl.tudelft.sem10.courseservice.domain.model.CategorygetName(":"cQ","MLnl.tudelft.sem10.courseservice.application.CategoryServiceImplCategoryServiceImpl(":"d3","MLnl.tudelft.sem10.authenticationservice.domain.SecurityConfiguserDetailsService(":"hx","Ljava.lang.Throwable":"kX","Lorg.springframework.beans.factory.Aware":"gH","Lorg.springframework.jdbc.datasource.DriverManagerDataSource":"lz","MLorg.springframework.security.config.annotation.web.configurers.CsrfConfigurerdisable(":"m1","Fnl.tudelft.sem10.gradingservice.domain.ServerCommunicationdomainCourse":"iD","MLnl.tudelft.sem10.courseservice.application.AbstractRepositoryServiceadd(T)V":"bD","Pex-Porg.springframework.security.web":"fh","MLorg.springframework.security.core.authority.SimpleGrantedAuthoritySimpleGrantedAuthority(java.lang.String)V":"nO","MLorg.springframework.security.config.annotation.SecurityConfigurerconfigure(B)V":"iu","Lorg.springframework.security.config.annotation.authentication.configurers.userdetails.DaoAuthenticationConfigurer":"mQ","MLnl.tudelft.sem10.authenticationservice.domain.SecurityConfigaddJwtFilter(org.springframework.security.config.annotation.web.builders.HttpSecurity)V":"hI","MLorg.springframework.data.jpa.repository.JpaRepositoryfindAll(":"dn","MLorg.springframework.data.repository.CrudRepositorydeleteById(ID)V":"dR","Pex-Pjava.time":"g3","MLjava.util.IteratorhasNext(":"nA","MLnl.tudelft.sem10.userservice.application.UserUser(java.lang.String)Vjava.lang.String)Vint)V":"jd","MLnl.tudelft.sem10.courseservice.application.AbstractRepositoryServiceget(U)V":"bz","MLnl.tudelft.sem10.authenticationservice.domain.SecurityConfigauthenticationManager(":"hz","MLorg.springframework.data.jpa.repository.JpaRepositorydeleteAllInBatch(":"dx","MLorg.springframework.security.config.annotation.SecurityConfigurerinit(B)V":"is","MLnl.tudelft.sem10.gradingservice.framework.repositories.GradeRepositorygetCoursesOfStudent(java.lang.String)V":"fa","MLnl.tudelft.sem10.userservice.application.Userequals(java.lang.Object)V":"jm","MLjava.util.ObjectsrequireNonNull(T)V":"kC","MLorg.springframework.jdbc.datasource.DriverManagerDataSourcesetUsername(java.lang.String)V":"lG","MLorg.springframework.security.web.AuthenticationEntryPointcommence(javax.servlet.http.HttpServletRequest)Vjavax.servlet.http.HttpServletResponse)Vorg.springframework.security.core.AuthenticationException)V":"fq","MLnl.tudelft.sem10.userservice.domain.UtilitygetEncryptedPassword(java.lang.String)Vorg.springframework.web.client.RestTemplate)V":"kz","MLnl.tudelft.sem10.courseservice.domain.model.CategorysetName(java.lang.String)V":"cR","MLorg.springframework.data.repository.CrudRepositorydeleteAll(java.lang.Iterable<? extends T>)V":"dT","Lorg.springframework.core.env.EnvironmentCapable":"f;","MLnl.tudelft.sem10.userservice.domain.repositories.UserRepositorygetAllUsers(":"kn","Lnl.tudelft.sem10.courseservice.application.AuthService.UserType":"m","MLorg.springframework.boot.SpringApplicationrun(java.lang.Class<?>)Vjava.lang.String...)V":"k7","Fnl.tudelft.sem10.courseservice.application.CourseServiceImplcourseRepository":"es","Pex-Porg.springframework.jdbc.datasource":"ly","MLjavax.servlet.FilterdoFilter(javax.servlet.ServletRequest)Vjavax.servlet.ServletResponse)Vjavax.servlet.FilterChain)V":"gF","MLorg.springframework.data.repository.query.QueryByExampleExecutorfindAll(org.springframework.data.domain.Example<S>)V":"dW","MLjava.lang.DoubleisNaN(":"nC","Lnl.tudelft.sem10.gradingservice.domain.utilities.JsonParser":"W","MLnl.tudelft.sem10.gradingservice.application.TeacherGradeControllerdeleteGrade(java.lang.String)Vjava.lang.String)Vjava.lang.String)Vjava.lang.String)V":"i;","MLnl.tudelft.sem10.courseservice.domain.repository.CategoryIdCategoryId(":"c.","MLorg.springframework.security.config.annotation.web.configurers.SessionManagementConfigurersessionCreationPolicy(org.springframework.security.config.http.SessionCreationPolicy)V":"m6","MLjava.util.HashMapHashMap(":"mv","Lorg.springframework.http.ResponseEntity":"cw","Lorg.springframework.web.context.ServletContextAware":"ga","Lnl.tudelft.sem10.userservice.domain.Utility":"br","MLjava.util.Listadd(E)V":"nN","Forg.springframework.web.filter.GenericFilterBeanlogger":"gv","MLnl.tudelft.sem10.authenticationservice.domain.JwtTokenUtilisTokenExpired(java.lang.String)V":"gR","Fnl.tudelft.sem10.authenticationservice.domain.UserDetailsImpluser":"j0","Fnl.tudelft.sem10.authenticationservice.framework.AuthenticationControllerjwtTokenUtil":"cD","Lorg.springframework.security.config.annotation.SecurityConfigurerAdapter":"m4","MLjava.lang.StringvalueOf(int)V":"of","MLnl.tudelft.sem10.courseservice.domain.model.Courseequals(java.lang.Object)V":"ec","Ljavax.servlet.http.HttpServletRequest":"fl","MLorg.springframework.security.config.annotation.web.builders.HttpSecuritysessionManagement(":"m9","Lorg.springframework.http.HttpEntity":"kR","MLorg.springframework.data.repository.query.QueryByExampleExecutorfindAll(org.springframework.data.domain.Example<S>)Vorg.springframework.data.domain.Pageable)V":"dY","Fnl.tudelft.sem10.courseservice.domain.repository.CategoryIdserialVersionUID":"de","MLnl.tudelft.sem10.gradingservice.domain.utilities.StatsweightedAverage(java.util.Collection<java.lang.Double>)Vjava.util.Collection<java.lang.Double>)V":"iJ","MLnl.tudelft.sem10.gradingservice.framework.DataSourceConfigdataSource(":"et","MLorg.springframework.security.config.annotation.web.configuration.WebSecurityConfigurerAdaptersetContentNegotationStrategy(org.springframework.web.accept.ContentNegotiationStrategy)V":"h4","MLnl.tudelft.sem10.courseservice.framework.CourseControllerauthResponse(java.lang.String)V":"ek","Fnl.tudelft.sem10.gradingservice.application.TeacherGradeControllerserverCommunication":"ja","Lnl.tudelft.sem10.userservice.UserServiceApplication":"bn","Lnl.tudelft.sem10.authenticationservice.domain.JwtRequest":"Z","MLio.jsonwebtoken.JwsgetBody(":"mf","MLnl.tudelft.sem10.authenticationservice.application.UserDetailsServiceImplloadUserByUsername(java.lang.String)V":"j8","MLjava.util.Listsize(":"nT","Pex-Porg.springframework.beans.factory":"eG","Fnl.tudelft.sem10.gradingservice.domain.GradegradeType":"eZ","MLnl.tudelft.sem10.authenticationservice.application.RolegetType(":"hk","MLnl.tudelft.sem10.userservice.framework.UserControllersetUserRepository(nl.tudelft.sem10.userservice.domain.repositories.UserRepository)V":"jD","Fnl.tudelft.sem10.gradingservice.domain.ServerCommunicationdomainAuth":"iE","MLjavax.servlet.http.HttpServletRequestgetHeader(java.lang.String)V":"lU","MLnl.tudelft.sem10.gradingservice.application.TeacherGradeControllersetUserService(nl.tudelft.sem10.gradingservice.domain.UserGradeService)V":"i5","Lnl.tudelft.sem10.courseservice.framework.CategoryController":"v","MLnl.tudelft.sem10.courseservice.application.RepositoryServiceget(":"g5","Lnl.tudelft.sem10.authenticationservice.application.UserDetailsServiceImpl":"bi","MLorg.springframework.web.filter.GenericFilterBeansetEnvironment(org.springframework.core.env.Environment)V":"ge","MLnl.tudelft.sem10.gradingservice.application.TeacherGradeControllermeanAndVariance(java.lang.String)Vjava.lang.String)V":"i8","Lorg.springframework.security.config.annotation.web.configurers.ExpressionUrlAuthorizationConfigurer.ExpressionInterceptUrlRegistry":"nb","MLjava.lang.ObjecthashCode(":"bM","Fnl.tudelft.sem10.courseservice.CourseServiceApplicationMIN_JAVA_VER":"ep","Fnl.tudelft.sem10.authenticationservice.domain.JwtRequestpassword":"fy","MLnl.tudelft.sem10.gradingservice.domain.UserGradeServicegetGrade(java.lang.String)Vjava.lang.String)Vjava.lang.String)V":"ka","Pex-Porg.springframework.web.client":"cr","MLorg.springframework.security.config.annotation.web.configuration.WebSecurityConfigurerAdapterconfigure(org.springframework.security.config.annotation.web.builders.WebSecurity)V":"hX","Ljava.lang.StringBuilder":"k.","Pnl.tudelft.sem10.gradingservice.framework.repositories":"R","MLorg.springframework.data.repository.CrudRepositorycount(":"dQ","MLorg.springframework.security.config.annotation.web.builders.HttpSecurityaddFilterBefore(javax.servlet.Filter)Vjava.lang.Class<? extends javax.servlet.Filter>)V":"nm","MLnl.tudelft.sem10.userservice.application.UserhashCode(":"jn","Pex-Porg.springframework.security.config.annotation.web":"hL","MLorg.springframework.core.env.EnvironmentgetRequiredProperty(java.lang.String)V":"lI","MLnl.tudelft.sem10.courseservice.domain.model.CategorygetWeight(":"cS","Lnl.tudelft.sem10.courseservice.application.CategoryServiceImpl":"A","MLnl.tudelft.sem10.authenticationservice.framework.AuthenticationControllergetResponse(nl.tudelft.sem10.authenticationservice.domain.JwtRequest)Vnl.tudelft.sem10.authenticationservice.domain.UserDetailsImpl)V":"cx","MLjava.util.stream.Streamcount(":"nt","Fnl.tudelft.sem10.courseservice.domain.repository.CategoryIdname":"dg","Fnl.tudelft.sem10.courseservice.framework.CourseControllerauth":"em","Lnl.tudelft.sem10.authenticationservice.domain.UserDetailsImpl":"bh","MLnl.tudelft.sem10.gradingservice.domain.ServerCommunicationServerCommunication(":"iv","Fnl.tudelft.sem10.courseservice.application.CategoryServiceImplcategoryRepository":"d6","MLnl.tudelft.sem10.authenticationservice.application.Roleequals(java.lang.Object)V":"hm","Forg.springframework.web.filter.GenericFilterBeanrequiredProperties":"gC","Fnl.tudelft.sem10.authenticationservice.domain.JwtTokenUtilJWT_VALIDITY":"gZ","MLorg.springframework.web.client.RestTemplategetForObject(java.lang.String)Vjava.lang.Class<T>)Vjava.lang.Object...)V":"od","MLjava.util.ArrayListArrayList(":"nM","MLnl.tudelft.sem10.userservice.application.DataSourceConfigdataSource(":"eI","Ljava.util.Locale":"kL","Pnl.tudelft.sem10.authenticationservice.application":"6","Pnl.tudelft.sem10.userservice.application":"L","Fnl.tudelft.sem10.gradingservice.domain.Grademark":"eW","MLnl.tudelft.sem10.userservice.domain.UtilityjsonStringToFields(java.lang.String)V":"kA","Lnl.tudelft.sem10.courseservice.application.DataSourceConfig":"K","Ljava.util.List":"di","MLorg.springframework.web.filter.GenericFilterBeanafterPropertiesSet(":"gj","MLorg.springframework.security.config.annotation.web.configurers.ExpressionUrlAuthorizationConfigurer.ExpressionInterceptUrlRegistryanyRequest(":"nh","Ljava.util.ArrayList":"nL","Lorg.json.JSONObject":"ff","MLorg.springframework.web.filter.GenericFilterBeaninitFilterBean(":"gr","MLorg.springframework.web.filter.GenericFilterBeandestroy(":"gk","Forg.springframework.web.filter.GenericFilterBeanfilterConfig":"gB","MLnl.tudelft.sem10.courseservice.domain.model.CourseCourse(java.lang.String)Vjava.lang.String)V":"d8","MLorg.springframework.data.repository.CrudRepositorydelete(T)V":"dS","MLnl.tudelft.sem10.userservice.framework.UserControllerdeleteUser(java.lang.String)V":"jI","MLorg.springframework.data.jpa.repository.JpaRepositoryflush(":"dt","MLorg.springframework.data.jpa.repository.JpaRepositoryfindAll(org.springframework.data.domain.Example<S>)V":"dA","MLjava.lang.Floatcompare(float)Vfloat)V":"lL","MLorg.springframework.http.ResponseEntityok(T)V":"kZ","MLnl.tudelft.sem10.courseservice.application.CategoryServiceImplgetWeights(java.lang.String)V":"d4","Fnl.tudelft.sem10.authenticationservice.application.RoleserialVersionUID":"ho","MLjava.lang.Stringequals(java.lang.Object)V":"k4","MLorg.springframework.data.repository.query.QueryByExampleExecutorfindAll(org.springframework.data.domain.Example<S>)Vorg.springframework.data.domain.Sort)V":"dX","Forg.springframework.security.config.annotation.web.configuration.WebSecurityConfigurerAdapterauthenticationManagerInitialized":"im","MLorg.springframework.security.core.userdetails.UserDetailsgetAuthorities(":"j1","MLjavax.servlet.FilterChaindoFilter(javax.servlet.ServletRequest)Vjavax.servlet.ServletResponse)V":"lV","MLorg.springframework.security.config.annotation.authentication.builders.AuthenticationManagerBuilderuserDetailsService(T)V":"mU","Ljava.net.http.HttpResponse.BodyHandler":"mH","Forg.springframework.security.config.annotation.web.configuration.WebSecurityConfigurerAdapterauthenticationManager":"in","MLorg.springframework.data.jpa.repository.JpaRepositorygetOne(ID)V":"dy","Pnl.tudelft.sem10.courseservice.application":"j","MLnl.tudelft.sem10.userservice.application.UsertoString(":"jl","MLorg.springframework.security.core.context.SecurityContextgetAuthentication(":"lW","Pnl.tudelft.sem10.gradingservice.framework":"I","MLnl.tudelft.sem10.gradingservice.domain.UserGradeServicepassingRate(java.lang.String)Vjava.lang.String)V":"kd","MLnl.tudelft.sem10.gradingservice.domain.Gradeequals(java.lang.Object)V":"eP","MLorg.springframework.security.core.AuthenticationExceptiongetMessage(":"lT","Ljava.util.stream.Stream":"ln","MLjava.lang.Mathpow(double)Vdouble)V":"nw","MLnl.tudelft.sem10.gradingservice.domain.ServerCommunicationvalidate(java.lang.String)V":"iz","MLorg.springframework.jdbc.datasource.DriverManagerDataSourcesetPassword(java.lang.String)V":"lH","MLnl.tudelft.sem10.courseservice.domain.model.CategorygetCourse(":"cO","Lorg.springframework.security.config.annotation.web.configurers.AbstractHttpConfigurer":"m0","Pex-Porg.springframework.core.env":"ex","Lorg.springframework.data.domain.Example":"dB","Pex-Porg.springframework.security.core.context":"fO","MLjava.math.BigIntegerBigInteger(int)Vbyte[])V":"n8","MLnl.tudelft.sem10.gradingservice.domain.ServerCommunicationgetCourseWeights(java.lang.String)Vjava.lang.String)V":"iy","Pnl.tudelft.sem10.userservice.domain.repositories":"bk","Lorg.springframework.http.ResponseEntity.HeadersBuilder":"lh","MLorg.json.JSONObjecthas(java.lang.String)V":"nH","MLorg.springframework.web.filter.OncePerRequestFilterskipDispatch(javax.servlet.http.HttpServletRequest)V":"fW","Lio.jsonwebtoken.Jwt":"me","Lio.jsonwebtoken.Jws":"md","MLorg.springframework.http.ResponseEntity.BodyBuilderbuild(":"li","MLjava.lang.ObjectnotifyAll(":"bS","Lnl.tudelft.sem10.gradingservice.domain.ServerCommunication":";","Pnl.tudelft.sem10.userservice":"bm","MLnl.tudelft.sem10.authenticationservice.application.RolegetName(":"hj","MLnl.tudelft.sem10.userservice.application.UsergetType(":"jh","Lorg.springframework.security.core.AuthenticationException":"fo","MLnl.tudelft.sem10.authenticationservice.application.UsergetNetId(":"js","Lnl.tudelft.sem10.authenticationservice.domain.JwtTokenUtil":"2","MLnl.tudelft.sem10.gradingservice.domain.RequestHelperRequestHelper(":"g9","Fnl.tudelft.sem10.gradingservice.application.StudentGradeControlleruserService":"iY","Lnl.tudelft.sem10.gradingservice.GradingServiceApplication":"U","Pnl.tudelft.sem10.courseservice.framework":"u","Fnl.tudelft.sem10.courseservice.domain.model.Categorycourse":"cX","MLorg.springframework.data.repository.query.QueryByExampleExecutorcount(org.springframework.data.domain.Example<S>)V":"dZ","MLjava.lang.Objectequals(java.lang.Object)V":"bN","MLjava.lang.StringstartsWith(java.lang.String)V":"lY","MLorg.springframework.security.core.userdetails.UserDetailsServiceloadUserByUsername(java.lang.String)V":"j;","MLnl.tudelft.sem10.authenticationservice.domain.Utilityhash(java.lang.String)V":"kv","Pex-Porg.springframework.security.core.authority":"nJ","Pnl.tudelft.sem10.gradingservice.domain":"N","MLnl.tudelft.sem10.authenticationservice.domain.UserDetailsImplgetAuthorities(":"jP","MLjava.util.DateDate(long)V":"ma","MLnl.tudelft.sem10.gradingservice.application.StudentGradeControllerpassedCourses(java.lang.String)Vjava.lang.String)V":"iS","Lorg.springframework.http.HttpHeaders":"ll","Ljava.time.Clock":"g4","MLorg.springframework.security.config.annotation.web.configurers.ExpressionUrlAuthorizationConfigurer.AuthorizedUrlauthenticated(":"nf","MLnl.tudelft.sem10.courseservice.framework.CategoryControllergetWeights(java.lang.String)V":"c4","MLnl.tudelft.sem10.courseservice.application.DataSourceConfiggetCategoryService(":"eD","Forg.springframework.security.config.annotation.web.configuration.WebSecurityConfigurerAdaptercontext":"if","MLnl.tudelft.sem10.authenticationservice.domain.JwtRequestJwtRequest(":"fr","MLjava.util.stream.CollectorstoMap(java.util.function.Function<? super T,? extends K>)Vjava.util.function.Function<? super T,? extends U>)V":"ls","MLnl.tudelft.sem10.authenticationservice.application.RolesetType(nl.tudelft.sem10.authenticationservice.application.RoleType)V":"hl","Lnl.tudelft.sem10.courseservice.domain.repository.CategoryRepository":"y","Forg.springframework.security.config.annotation.web.configuration.WebSecurityConfigurerAdapterobjectPostProcessor":"ih","MLjava.util.Objectshash(java.lang.Object...)V":"k9","MLnl.tudelft.sem10.authenticationservice.application.Userequals(java.lang.Object)V":"jw","MLnl.tudelft.sem10.gradingservice.framework.repositories.GradeRepositoryinsertGrade(float)Vjava.lang.String)Vjava.lang.String)Vjava.lang.String)V":"e5","Lnl.tudelft.sem10.gradingservice.domain.StudentLogic":"bb","Fnl.tudelft.sem10.authenticationservice.domain.JwtResponseserialVersionUID":"fC","MLorg.springframework.data.repository.PagingAndSortingRepositoryfindAll(org.springframework.data.domain.Sort)V":"dE","MLnl.tudelft.sem10.gradingservice.application.StudentGradeControllerallGrades(java.lang.String)Vjava.lang.String)V":"iT","MLnl.tudelft.sem10.gradingservice.application.TeacherGradeControllersetServerCommunication(nl.tudelft.sem10.gradingservice.domain.ServerCommunication)V":"i6","MLjava.lang.FloatisNaN(":"nu","Fnl.tudelft.sem10.authenticationservice.application.UsernetId":"jA","MLorg.springframework.jdbc.datasource.DriverManagerDataSourcesetDriverClassName(java.lang.String)V":"lB","MLnl.tudelft.sem10.authenticationservice.domain.UserDetailsImplgetPassword(":"jR","MLorg.springframework.web.filter.OncePerRequestFilterdoFilterNestedErrorDispatch(javax.servlet.http.HttpServletRequest)Vjavax.servlet.http.HttpServletResponse)Vjavax.servlet.FilterChain)V":"f4","Fnl.tudelft.sem10.gradingservice.application.StudentGradeControlleruserType":"iW","MLjava.util.Datebefore(java.util.Date)V":"mc","Lio.jsonwebtoken.Claims":"gU","MLjava.net.http.HttpRequestnewBuilder(":"mD","Lorg.springframework.security.web.AuthenticationEntryPoint":"fi","MLjava.util.Collectionsize(":"nx","Fnl.tudelft.sem10.authenticationservice.domain.JwtRequestserialVersionUID":"fw","Ljava.util.Map":"c6","Pnl.tudelft.sem10.courseservice.domain.repository":"w","Ljava.util.Date":"gQ","Pex-Pjava.io":"b4","MLorg.json.JSONObjectJSONObject(java.lang.String)V":"lR","MLnl.tudelft.sem10.gradingservice.domain.GradegetGradeType(":"eU","Ljava.lang.Double":"d2","MLnl.tudelft.sem10.authenticationservice.domain.UserDetailsImplhashCode(":"jY","MLorg.springframework.http.ResponseEntitygetBody(":"kS","MLnl.tudelft.sem10.authenticationservice.domain.JwtRequestgetNetId(":"ft","Fnl.tudelft.sem10.authenticationservice.domain.JwtTokenFiltersecurityContext":"fN","MLorg.springframework.security.config.annotation.web.configuration.WebSecurityConfigurerAdaptercreateSharedObjects(":"id","Fnl.tudelft.sem10.courseservice.application.AuthService.UserTypeUNKNOWN":"b2","MLorg.springframework.web.filter.GenericFilterBeancreateEnvironment(":"gg","Forg.springframework.security.config.annotation.web.configuration.WebSecurityConfigurerAdapterhttp":"ip","Ljava.lang.Exception":"lN","Pex-Pjava.security":"n1","MLnl.tudelft.sem10.authenticationservice.domain.JwtTokenUtilgenerateToken(org.springframework.security.core.userdetails.UserDetails)V":"gX","Fnl.tudelft.sem10.userservice.application.Userpassword":"jp","Fnl.tudelft.sem10.gradingservice.framework.DataSourceConfigenvironment":"ew","MLnl.tudelft.sem10.authenticationservice.domain.JwtResponseJwtResponse(java.lang.String)V":"fA","Fnl.tudelft.sem10.authenticationservice.domain.JwtTokenUtilserialVersionUID":"g0","Lorg.springframework.security.config.annotation.web.builders.HttpSecurity":"hE","MLorg.json.JSONObjectgetInt(java.lang.String)V":"oe","MLorg.springframework.web.filter.OncePerRequestFilterisAsyncDispatch(javax.servlet.http.HttpServletRequest)V":"fX","MLorg.springframework.data.jpa.repository.JpaRepositoryexistsById(ID)V":"kF","MLorg.springframework.security.config.annotation.web.configurers.ExceptionHandlingConfigurerauthenticationEntryPoint(org.springframework.security.web.AuthenticationEntryPoint)V":"m.","MLnl.tudelft.sem10.gradingservice.framework.repositories.GradeRepositorygetGradesByNetIdAndCourse(java.lang.String)Vjava.lang.String)V":"e8","Fjava.lang.Enumname":"cj","Pex-Porg.springframework.core":"kU","Fnl.tudelft.sem10.courseservice.application.AuthServiceImplLOGGER":"cn","Fnl.tudelft.sem10.gradingservice.domain.Gradeid":"eV","MLnl.tudelft.sem10.gradingservice.domain.UserGradeServicegetAllGrades(java.lang.String)Vjava.lang.String)Vjava.lang.String)V":"kh","MLjava.time.Clockmillis(":"mb","Pex-Porg.springframework.web.server":"nQ","MLorg.springframework.web.filter.GenericFilterBeaninit(javax.servlet.FilterConfig)V":"gm","MLnl.tudelft.sem10.gradingservice.domain.UserGradeServiceinsertGrade(java.lang.String)V":"kj","MLorg.springframework.web.filter.OncePerRequestFilterdoFilter(javax.servlet.ServletRequest)Vjavax.servlet.ServletResponse)Vjavax.servlet.FilterChain)V":"fT","MLorg.springframework.security.config.annotation.web.configurers.ExpressionUrlAuthorizationConfigurer.AuthorizedUrlpermitAll(":"nk","MLnl.tudelft.sem10.courseservice.application.CategoryServicegetWeights(java.lang.String)V":"d1","Ljava.io.Serializable":"b5","MLorg.springframework.web.filter.GenericFilterBeangetFilterConfig(":"gs","MLnl.tudelft.sem10.userservice.domain.repositories.UserRepositoryupdateUser(java.lang.String)Vjava.lang.String)Vint)V":"ks","Ljava.lang.IllegalArgumentException":"lZ","MLorg.springframework.security.config.annotation.web.configuration.WebSecurityConfigurerAdapterauthenticationManager(":"hS","Ljava.security.NoSuchAlgorithmException":"ob","Lorg.springframework.security.crypto.bcrypt.BCryptPasswordEncoder":"mW","MLnl.tudelft.sem10.gradingservice.domain.RequestHelpersendRequest(java.net.http.HttpRequest)Vjava.net.http.HttpClient)V":"hb","Lorg.springframework.security.core.Authentication":"lX","Ljavax.servlet.FilterConfig":"gn","MLnl.tudelft.sem10.courseservice.application.RepositoryServiceadd(T)V":"g7","Fnl.tudelft.sem10.authenticationservice.framework.RestServiceGET_USER_ENDPOINT":"hg","Fnl.tudelft.sem10.courseservice.domain.model.Coursename":"ef","Ljava.lang.Integer":"nF","MLorg.springframework.security.authentication.UsernamePasswordAuthenticationTokenUsernamePasswordAuthenticationToken(java.lang.Object)Vjava.lang.Object)Vjava.util.Collection<? extends org.springframework.security.core.GrantedAuthority>)V":"l2","Lnl.tudelft.sem10.courseservice.domain.repository.CategoryId":"x","Lnl.tudelft.sem10.courseservice.domain.model.Course":"B","Forg.springframework.web.filter.GenericFilterBeanservletContext":"gA","MLorg.springframework.security.crypto.password.PasswordEncoderencode(java.lang.CharSequence)V":"k2","MLnl.tudelft.sem10.courseservice.application.RepositoryServiceget(U)V":"g6","MLorg.springframework.security.config.annotation.web.configurers.ExpressionUrlAuthorizationConfigurer.AuthorizedUrlhasAnyAuthority(java.lang.String...)V":"ni","Lorg.springframework.beans.factory.InitializingBean":"gb","MLnl.tudelft.sem10.gradingservice.domain.UtilityjsonWeightedAverage(java.lang.String)Vjava.util.Collection<nl.tudelft.sem10.gradingservice.domain.Grade>)V":"kx","Lnl.tudelft.sem10.gradingservice.domain.Grade":"O","MLnl.tudelft.sem10.gradingservice.application.TeacherGradeControllerupdateGrade(java.lang.String)Vjava.lang.String)Vjava.lang.String)Vjava.lang.String)Vjava.lang.String)V":"i9","MLnl.tudelft.sem10.userservice.framework.UserControllersetRestTemplate(org.springframework.web.client.RestTemplate)V":"jE","MLorg.springframework.security.config.annotation.web.configuration.WebSecurityConfigurerAdapterconfigure(org.springframework.security.config.annotation.web.builders.HttpSecurity)V":"hY","Ljava.net.http.HttpResponse":"mF","MLorg.springframework.http.ResponseEntitystatus(org.springframework.http.HttpStatus)V":"lg","MLjava.lang.StringBuilderStringBuilder(":"ld","MLorg.springframework.security.config.annotation.web.configuration.WebSecurityConfigurerAdapterapplyDefaultConfiguration(org.springframework.security.config.annotation.web.builders.HttpSecurity)V":"hQ","Fnl.tudelft.sem10.authenticationservice.application.Roletype":"hp","long":"h","MLjava.lang.ComparablecompareTo(T)V":"cl","Fnl.tudelft.sem10.courseservice.application.AbstractRepositoryServiceidMapper":"bI","MLnl.tudelft.sem10.gradingservice.domain.utilities.Statsclip(float)Vfloat)Vfloat)V":"iL","Ljava.lang.Boolean":"cC","MLnl.tudelft.sem10.authenticationservice.framework.AuthenticationControllerencodePassword(java.lang.String)V":"cz","MLorg.springframework.web.filter.GenericFilterBeansetServletContext(javax.servlet.ServletContext)V":"gh","MLnl.tudelft.sem10.gradingservice.domain.UserGradeServicegetMean(java.lang.String)V":"j.","Lnl.tudelft.sem10.authenticationservice.domain.JwtAuthenticationEntryPoint":"Y","MLorg.springframework.boot.web.client.RestTemplateBuilderbuild(":"lK","Lnl.tudelft.sem10.userservice.application.DataSourceConfig":"M","MLjavax.servlet.Filterdestroy(":"gG","Forg.springframework.security.config.annotation.web.configuration.WebSecurityConfigurerAdaptertrustResolver":"io","Pex-Porg.springframework.beans":"gp","Lorg.springframework.security.core.authority.SimpleGrantedAuthority":"nK","MLnl.tudelft.sem10.authenticationservice.domain.UserDetailsImplequals(java.lang.Object)V":"jX","MLjava.lang.Objectnotify(":"bR","MLnl.tudelft.sem10.courseservice.domain.model.CoursesetCode(java.lang.String)V":"d;","Fnl.tudelft.sem10.gradingservice.domain.StudentLogicserverCommunication":"i3","MLjava.lang.EnumgetDeclaringClass(":"cd","MLnl.tudelft.sem10.authenticationservice.domain.SecurityConfigconfigure(org.springframework.security.config.annotation.web.builders.HttpSecurity)V":"hC","MLnl.tudelft.sem10.authenticationservice.application.UsergetPassword(":"jt","Lio.jsonwebtoken.SignatureAlgorithm":"mo","MLjava.lang.Enumname(":"b6","MLorg.springframework.data.repository.PagingAndSortingRepositoryfindAll(org.springframework.data.domain.Pageable)V":"dF","Fnl.tudelft.sem10.authenticationservice.framework.RestServiceUSER_SERVICE_PORT":"hf","MLorg.springframework.web.client.RestTemplategetForEntity(java.lang.String)Vjava.lang.Class<T>)Vjava.lang.Object...)V":"kN","Fnl.tudelft.sem10.gradingservice.domain.ServerCommunicationrequestHelper":"iC","Ljava.net.http.HttpRequest.Builder":"mw","MLnl.tudelft.sem10.authenticationservice.domain.JwtTokenUtilinternalGenerateToken(java.lang.String)V":"gY","Ljava.util.function.Function":"bw","Pex-Porg.json":"fe","MLorg.springframework.security.config.annotation.web.configuration.WebSecurityConfigurerAdaptersetObjectPostProcessor(org.springframework.security.config.annotation.ObjectPostProcessor<java.lang.Object>)V":"h7","Fnl.tudelft.sem10.courseservice.application.AuthServiceImpltemplate":"cq","MLio.jsonwebtoken.JwtBuildercompact(":"mm","Lnl.tudelft.sem10.gradingservice.domain.UserGradeService":"bj","MLjavassist.NotFoundExceptionNotFoundException(java.lang.String)V":"nX","MLjava.lang.StringBuilderappend(double)V":"lc","Pex-Porg.springframework.security.web.authentication":"l5","MLnl.tudelft.sem10.authenticationservice.domain.JwtRequestgetType(":"fv","Pex-Porg.springframework.context":"f8","Pex-Porg.springframework.security.config.annotation.authentication.configuration":"h.","Ljava.util.Set":"gD","MLnl.tudelft.sem10.authenticationservice.domain.JwtResponsegetToken(":"fB","MLio.jsonwebtoken.JwtBuildersetClaims(java.util.Map<java.lang.String,java.lang.Object>)V":"ms","Fnl.tudelft.sem10.gradingservice.domain.GradecourseCode":"eY","MLjava.net.http.HttpClientsend(java.net.http.HttpRequest)Vjava.net.http.HttpResponse.BodyHandler<T>)V":"mG","MLorg.springframework.security.crypto.password.PasswordEncodermatches(java.lang.CharSequence)Vjava.lang.String)V":"k0","Forg.springframework.security.config.annotation.web.configuration.WebSecurityConfigurerAdapterdisableLocalConfigureAuthenticationBldr":"il","MLorg.springframework.security.config.annotation.web.configuration.WebSecurityConfigurerAdapterinit(org.springframework.security.config.annotation.web.builders.WebSecurity)V":"hV","MLjava.lang.ObjectregisterNatives(":"bJ","Ljava.util.Collection":"iG","Pnl.tudelft.sem10.userservice.framework":"bf","Pex-Porg.springframework.http":"cv","Pex-Porg.slf4j":"co","Lnl.tudelft.sem10.authenticationservice.application.Role":"7","Lorg.springframework.beans.factory.DisposableBean":"gc","Fnl.tudelft.sem10.authenticationservice.framework.AuthenticationControlleruserDetailsService":"cE","MLnl.tudelft.sem10.authenticationservice.framework.AuthenticationControllervalidateNetIdToken(java.lang.String)Vjava.lang.String)V":"cB","MLnl.tudelft.sem10.courseservice.application.DataSourceConfigdataSource(":"ez","Pex-Porg.springframework.web.accept":"h5","MLorg.springframework.security.core.userdetails.UserDetailsgetPassword(":"j2","MLjava.net.http.HttpResponsestatusCode(":"mM","MLnl.tudelft.sem10.userservice.framework.UserControllercreateUser(java.lang.String)V":"jH","MLorg.springframework.http.ResponseEntityResponseEntity(T)Vorg.springframework.http.HttpStatus)V":"nE","MLjava.util.ListisEmpty(":"nP","MLnl.tudelft.sem10.gradingservice.domain.GradegetId(":"eQ","MLio.jsonwebtoken.JwtBuildersignWith(io.jsonwebtoken.SignatureAlgorithm)Vjava.lang.String)V":"mn","Lorg.springframework.jdbc.datasource.AbstractDriverBasedDataSource":"lE","MLjava.math.BigIntegertoString(int)V":"n9","MLnl.tudelft.sem10.authenticationservice.framework.AuthenticationControllervalidateDetailsAndGetToken(nl.tudelft.sem10.authenticationservice.domain.JwtRequest)Vnl.tudelft.sem10.authenticationservice.domain.UserDetailsImpl)V":"cy","MLorg.springframework.security.config.annotation.web.configuration.WebSecurityConfigurerAdaptersetApplicationContext(org.springframework.context.ApplicationContext)V":"h1","Ljava.lang.String":"bQ","MLnl.tudelft.sem10.userservice.application.UsersetNetId(java.lang.String)V":"ji","Pex-Pjava.net":"mz","MLnl.tudelft.sem10.gradingservice.domain.GradegetNetid(":"eS","MLorg.springframework.web.client.RestClientExceptiongetMostSpecificCause(":"kW","MLorg.springframework.web.filter.OncePerRequestFiltershouldNotFilterErrorDispatch(":"f2","Fnl.tudelft.sem10.userservice.application.Usertype":"jq","MLnl.tudelft.sem10.courseservice.CourseServiceApplicationmain(java.lang.String[])V":"eo","MLnl.tudelft.sem10.authenticationservice.domain.UserDetailsImplisCredentialsNonExpired(":"jV","Fnl.tudelft.sem10.userservice.framework.UserControllerrestTemplate":"jM","MLnl.tudelft.sem10.userservice.UserServiceApplicationmain(java.lang.String[])V":"ku","MLnl.tudelft.sem10.userservice.domain.repositories.UserRepositorygetUserByNetId(java.lang.String)V":"ko","Fnl.tudelft.sem10.authenticationservice.domain.JwtTokenFilterjwtTokenUtil":"fQ","MLjava.lang.Objectclone(":"bO","MLnl.tudelft.sem10.gradingservice.application.StudentGradeControllergetGrade(java.lang.String)Vjava.lang.String)Vjava.lang.String)V":"iR","MLjava.net.http.HttpRequest.Builderuri(java.net.URI)V":"my","Pex-Porg.springframework.web.filter":"fE","Ljava.lang.Enum":"bY","MLnl.tudelft.sem10.authenticationservice.domain.UserDetailsImplisEnabled(":"jW","MLjava.lang.EnumreadObject(java.io.ObjectInputStream)V":"cg","MLnl.tudelft.sem10.authenticationservice.domain.JwtTokenUtilgetNetIdFromToken(java.lang.String)V":"gO","Ljava.util.HashMap":"mu","MLorg.springframework.security.config.annotation.web.configuration.WebSecurityConfigurerAdaptersetTrustResolver(org.springframework.security.authentication.AuthenticationTrustResolver)V":"h2","Lorg.springframework.security.config.annotation.web.configuration.WebSecurityConfigurerAdapter":"ht","Lorg.springframework.boot.SpringApplication":"k6","MLnl.tudelft.sem10.authenticationservice.domain.UserDetailsImplisAccountNonExpired(":"jT","Fnl.tudelft.sem10.authenticationservice.framework.AuthenticationControllerpasswordEncoder":"cH","Pex-Pjavax.sql":"eu","Pex-Porg.springframework.security.config.annotation.authentication.builders":"hv","MLorg.springframework.security.config.annotation.web.configurers.ExpressionUrlAuthorizationConfigurer.ExpressionInterceptUrlRegistryand(":"nc","MLjava.util.stream.Streamfilter(java.util.function.Predicate<? super T>)V":"np","Lorg.springframework.web.accept.ContentNegotiationStrategy":"h6","Lorg.springframework.security.config.annotation.web.builders.WebSecurity":"hW","MLjava.lang.BooleanparseBoolean(java.lang.String)V":"nn","MLnl.tudelft.sem10.courseservice.application.DataSourceConfigvalidateUrl(":"eA","MLjava.lang.Stringcontains(java.lang.CharSequence)V":"lM","Lorg.springframework.security.config.annotation.authentication.builders.AuthenticationManagerBuilder":"hw","MLjavax.servlet.http.HttpServletResponsesendError(int)Vjava.lang.String)V":"lS","Lorg.springframework.web.client.RestTemplate":"cs","MLorg.springframework.security.config.annotation.web.configuration.WebSecurityConfigurerAdapterconfigure(org.springframework.security.config.annotation.authentication.builders.AuthenticationManagerBuilder)V":"hO","MLnl.tudelft.sem10.gradingservice.domain.StudentLogicStudentLogic(":"i0","MLnl.tudelft.sem10.authenticationservice.domain.SecurityConfigdisableCsrf(org.springframework.security.config.annotation.web.builders.HttpSecurity)V":"hF","MLnl.tudelft.sem10.gradingservice.domain.utilities.JsonParserasJsonString(org.json.JSONObject)V":"fd","MLnl.tudelft.sem10.courseservice.application.AbstractRepositoryServiceget(":"bx","MLnl.tudelft.sem10.gradingservice.domain.GradegetCourseCode(":"eT","MLnl.tudelft.sem10.userservice.application.UsersetType(int)V":"jk","Lnl.tudelft.sem10.gradingservice.application.StudentGradeController":"ba","MLnl.tudelft.sem10.gradingservice.domain.UtilityjsonStringClip(java.lang.String)Vjava.lang.String)Vfloat)Vfloat)V":"kw","MLio.jsonwebtoken.JwtBuildersetSubject(java.lang.String)V":"mr","float":"d","MLnl.tudelft.sem10.courseservice.application.CourseServiceImplgetRepository(":"er","MLnl.tudelft.sem10.authenticationservice.application.UsergetRole(":"ju","Fnl.tudelft.sem10.authenticationservice.domain.JwtTokenUtilclock":"g2","MLorg.springframework.security.config.annotation.web.configuration.WebSecurityConfigurerAdaptergetApplicationContext(":"hZ","MLnl.tudelft.sem10.userservice.application.UserUser(":"je","Fnl.tudelft.sem10.authenticationservice.application.RoleTypeSTUDENT":"hq","MLnl.tudelft.sem10.gradingservice.domain.UserGradeServicemeanAndVariance(java.lang.String)Vjava.lang.String)V":"ke","Lorg.springframework.core.NestedRuntimeException":"kV","MLnl.tudelft.sem10.gradingservice.framework.repositories.GradeRepositoryupdateGrade(long)Vfloat)V":"e4","Pnl.tudelft.sem10.gradingservice":"T","Lnl.tudelft.sem10.userservice.domain.repositories.UserRepository":"bl","MLnl.tudelft.sem10.gradingservice.domain.ServerCommunicationvalidateUser(java.lang.String)Vjava.lang.String)V":"iA","Lorg.springframework.security.web.authentication.WebAuthenticationDetailsSource":"l6","Pnl.tudelft.sem10.authenticationservice.domain":"X","MLnl.tudelft.sem10.authenticationservice.framework.AuthenticationControllervalidateToken(java.lang.String)V":"cA","MLnl.tudelft.sem10.userservice.application.UsergetPassword(":"jg","MLjava.util.Collectionadd(E)V":"oa","Forg.springframework.web.filter.GenericFilterBeanbeanName":"gy","MLnl.tudelft.sem10.courseservice.domain.repository.CategoryIdCategoryId(java.lang.String)Vjava.lang.String)V":"da","MLnl.tudelft.sem10.gradingservice.domain.ServerCommunicationsetRequestHelper(nl.tudelft.sem10.gradingservice.domain.RequestHelper)V":"iw","Lorg.springframework.security.crypto.password.PasswordEncoder":"cJ","MLnl.tudelft.sem10.authenticationservice.domain.JwtTokenUtilvalidateToken(java.lang.String)Vorg.springframework.security.core.userdetails.UserDetails)V":"gW","Lorg.springframework.data.domain.Pageable":"dH","Ljava.util.Objects":"kB","MLjava.lang.ObjecttoString(":"bP","Pnl.tudelft.sem10.authenticationservice.framework":"o","MLnl.tudelft.sem10.gradingservice.domain.UserGradeServiceallGrades(java.lang.String)Vjava.lang.String)V":"kc","Fnl.tudelft.sem10.authenticationservice.domain.JwtTokenFilteruserDetailsService":"fR","Ljavax.sql.DataSource":"ev","MLorg.springframework.web.filter.GenericFilterBeanaddRequiredProperty(java.lang.String)V":"gl","MLnl.tudelft.sem10.userservice.application.UsergetNetId(":"jf","Pnl.tudelft.sem10.gradingservice.domain.utilities":"V","MLjava.security.MessageDigestgetInstance(java.lang.String)V":"n3","MLorg.springframework.security.authentication.UsernamePasswordAuthenticationTokensetDetails(java.lang.Object)V":"l4","MLnl.tudelft.sem10.courseservice.domain.model.CategorysetWeight(double)V":"cT","MLnl.tudelft.sem10.gradingservice.application.TeacherGradeControllersetGradeRepository(nl.tudelft.sem10.gradingservice.framework.repositories.GradeRepository)V":"i4","MLorg.json.JSONObjectgetString(java.lang.String)V":"nI","Lnl.tudelft.sem10.authenticationservice.domain.JwtResponse":"0","MLorg.springframework.data.jpa.repository.JpaRepositorysave(S)V":"kI","MLjava.lang.StringtoLowerCase(java.util.Locale)V":"kK","Lorg.springframework.data.domain.Page":"dG","MLnl.tudelft.sem10.authenticationservice.domain.SecurityConfigconfigureAuthManager(org.springframework.security.config.annotation.authentication.builders.AuthenticationManagerBuilder)V":"hu","int":"c","MLorg.springframework.security.config.annotation.web.configuration.WebSecurityConfigurerAdaptergetHttp(":"hP","boolean":"e","MLnl.tudelft.sem10.courseservice.application.RepositoryServiceremove(U)V":"g8","Fnl.tudelft.sem10.authenticationservice.domain.UserDetailsImplserialVersionUID":"jZ","MLjava.util.LocalegetDefault(":"kM","MLorg.springframework.web.filter.GenericFilterBeangetFilterName(":"gt"}}